RowNumber,p_hatforTest
10001,0.038116572
10002,0.04476137
10003,0.063838445
10004,0.08165338
10005,0.03915974
10006,0.025121032
10007,0.03186522
10008,0.059982099
10009,0.198165031
10010,0.051454258
10011,0.139314454
10012,0.114534264
10013,0.398889143
10014,0.141082243
10015,0.067657929
10016,0.073437704
10017,0.508220538
10018,0.225102549
10019,0.080605055
10020,0.086124864
10021,0.103105652
10022,0.088132835
10023,0.22113638
10024,0.040822842
10025,0.076512212
10026,0.064031696
10027,0.330431186
10028,0.092499876
10029,0.364383919
10030,0.039526139
10031,0.440811933
10032,0.1732834
10033,0.506907252
10034,0.177312094
10035,0.144022007
10036,0.040368931
10037,0.621120401
10038,0.15805473
10039,0.145680758
10040,0.031787235
10041,0.12994218
10042,0.090782267
10043,0.046117426
10044,0.079087443
10045,0.090108197
10046,0.241783174
10047,0.102940681
10048,0.150722541
10049,0.125317519
10050,0.133650986
10051,0.231309667
10052,0.423124719
10053,0.024006864
10054,0.065201502
10055,0.052268012
10056,0.577842196
10057,0.083037581
10058,0.045023188
10059,0.215603162
10060,0.094224176
10061,0.027615357
10062,0.199928922
10063,0.129910425
10064,0.20713776
10065,0.237812584
10066,0.147319783
10067,0.142411348
10068,0.043750273
10069,0.375128723
10070,0.40428755
10071,0.098144163
10072,0.168216773
10073,0.064292366
10074,0.132625941
10075,0.319546226
10076,0.332738715
10077,0.103844999
10078,0.368036314
10079,0.218286195
10080,0.062960411
10081,0.206643043
10082,0.10297708
10083,0.290182193
10084,0.318717956
10085,0.157824607
10086,0.160522727
10087,0.052081264
10088,0.335546088
10089,0.032926913
10090,0.046258178
10091,0.075149382
10092,0.251511923
10093,0.062282833
10094,0.521420568
10095,0.499357129
10096,0.185847441
10097,0.124788632
10098,0.083896787
10099,0.097926287
10100,0.394012962
10101,0.184370819
10102,0.291815174
10103,0.250735356
10104,0.165153039
10105,0.119813384
10106,0.101240282
10107,0.257904289
10108,0.048026215
10109,0.059917726
10110,0.496707368
10111,0.218764847
10112,0.019511632
10113,0.079600722
10114,0.149223457
10115,0.425892562
10116,0.054940392
10117,0.123969717
10118,0.687251588
10119,0.042428147
10120,0.201198079
10121,0.082747913
10122,0.579158042
10123,0.080699791
10124,0.07278755
10125,0.028911265
10126,0.175600219
10127,0.456648733
10128,0.046754859
10129,0.036518799
10130,0.119979172
10131,0.343898368
10132,0.216215999
10133,0.119265517
10134,0.4090336
10135,0.336365266
10136,0.175584786
10137,0.08625548
10138,0.335193707
10139,0.654427449
10140,0.14060369
10141,0.069633181
10142,0.489401596
10143,0.06684943
10144,0.028717724
10145,0.156194793
10146,0.497618011
10147,0.186102191
10148,0.258352855
10149,0.041880047
10150,0.270497392
10151,0.178095351
10152,0.322479582
10153,0.199018321
10154,0.653119336
10155,0.134711687
10156,0.108153119
10157,0.132815728
10158,0.114769458
10159,0.073763283
10160,0.093680914
10161,0.446639065
10162,0.038552729
10163,0.233856988
10164,0.024747085
10165,0.090639131
10166,0.220295003
10167,0.050086958
10168,0.058569107
10169,0.169473854
10170,0.563487252
10171,0.070975548
10172,0.2122747
10173,0.044592412
10174,0.141220514
10175,0.212522134
10176,0.567683092
10177,0.086875168
10178,0.167681042
10179,0.037162923
10180,0.561872253
10181,0.171373336
10182,0.286519073
10183,0.364025855
10184,0.047139597
10185,0.575929854
10186,0.201024247
10187,0.555383351
10188,0.143665015
10189,0.049909018
10190,0.23187335
10191,0.031672592
10192,0.245736458
10193,0.486396552
10194,0.533920195
10195,0.213189283
10196,0.071229547
10197,0.273126874
10198,0.237876953
10199,0.182497754
10200,0.060492667
10201,0.255324435
10202,0.052901208
10203,0.361496587
10204,0.026047798
10205,0.09093372
10206,0.335370426
10207,0.305792562
10208,0.253397144
10209,0.322465302
10210,0.826483828
10211,0.459543318
10212,0.146928722
10213,0.259366381
10214,0.033683412
10215,0.13687123
10216,0.18498767
10217,0.236251273
10218,0.085275196
10219,0.102150421
10220,0.42939572
10221,0.252282977
10222,0.328490974
10223,0.191002573
10224,0.355708722
10225,0.029711354
10226,0.041988105
10227,0.195575037
10228,0.441347491
10229,0.07327517
10230,0.038021217
10231,0.274837024
10232,0.056516398
10233,0.171535794
10234,0.591077206
10235,0.046467043
10236,0.085575104
10237,0.039851963
10238,0.116456525
10239,0.037424026
10240,0.061643146
10241,0.120657372
10242,0.218428415
10243,0.447304741
10244,0.228817915
10245,0.055062535
10246,0.113411966
10247,0.166385512
10248,0.046546077
10249,0.17884391
10250,0.857731267
10251,0.22699736
10252,0.056391186
10253,0.24205448
10254,0.149563944
10255,0.579459339
10256,0.150054924
10257,0.052932985
10258,0.724085796
10259,0.110615864
10260,0.437635716
10261,0.717193031
10262,0.706619542
10263,0.297760418
10264,0.121869756
10265,0.044956813
10266,0.129134993
10267,0.305036072
10268,0.207570819
10269,0.087856189
10270,0.042272689
10271,0.323426468
10272,0.318860267
10273,0.18346757
10274,0.047377946
10275,0.683634757
10276,0.0734523
10277,0.152620481
10278,0.406020649
10279,0.087286521
10280,0.047216738
10281,0.312111643
10282,0.019191308
10283,0.074206399
10284,0.380613821
10285,0.295648291
10286,0.196203814
10287,0.282885642
10288,0.248299714
10289,0.087123848
10290,0.122084163
10291,0.026369292
10292,0.08561
10293,0.138679358
10294,0.108574061
10295,0.098427783
10296,0.052541376
10297,0.141797918
10298,0.155409862
10299,0.131290622
10300,0.206678785
10301,0.53962078
10302,0.093260096
10303,0.089163784
10304,0.198063163
10305,0.046577853
10306,0.132853381
10307,0.088437277
10308,0.120908484
10309,0.392504698
10310,0.230294777
10311,0.259970886
10312,0.258762151
10313,0.035664176
10314,0.125803756
10315,0.08749577
10316,0.368718855
10317,0.193178224
10318,0.038820183
10319,0.641306041
10320,0.17490252
10321,0.572435344
10322,0.079058864
10323,0.13660521
10324,0.312281057
10325,0.288070059
10326,0.317949062
10327,0.042282981
10328,0.132983143
10329,0.09478375
10330,0.465363994
10331,0.087707418
10332,0.559871692
10333,0.339568136
10334,0.146418027
10335,0.027031899
10336,0.078682434
10337,0.052516876
10338,0.045245437
10339,0.153771387
10340,0.105121847
10341,0.086778269
10342,0.376692591
10343,0.215808682
10344,0.23007899
10345,0.227483734
10346,0.230911306
10347,0.113388985
10348,0.347095429
10349,0.233444812
10350,0.058313394
10351,0.197525084
10352,0.145823342
10353,0.460505692
10354,0.222610484
10355,0.108242708
10356,0.265852549
10357,0.360417834
10358,0.359867654
10359,0.148716455
10360,0.095841129
10361,0.058811287
10362,0.100079509
10363,0.169096571
10364,0.115485824
10365,0.097968148
10366,0.593916464
10367,0.133281717
10368,0.481937906
10369,0.116689384
10370,0.199471968
10371,0.218903613
10372,0.035284978
10373,0.445359153
10374,0.481913938
10375,0.158648282
10376,0.109640863
10377,0.151662069
10378,0.083626513
10379,0.183599535
10380,0.618113565
10381,0.205515486
10382,0.148960478
10383,0.103135114
10384,0.158734062
10385,0.068557306
10386,0.132932597
10387,0.023147308
10388,0.244089338
10389,0.499712022
10390,0.134442604
10391,0.436978712
10392,0.499806064
10393,0.124993864
10394,0.042796573
10395,0.09109133
10396,0.064905341
10397,0.366014091
10398,0.185427513
10399,0.03459791
10400,0.102720721
10401,0.282613604
10402,0.208498305
10403,0.176923059
10404,0.063735214
10405,0.121445777
10406,0.202629304
10407,0.333528104
10408,0.247676936
10409,0.169080227
10410,0.106555102
10411,0.111762273
10412,0.318688365
10413,0.377634811
10414,0.061041978
10415,0.273700485
10416,0.470325088
10417,0.197847627
10418,0.064781358
10419,0.074049856
10420,0.121003798
10421,0.032938204
10422,0.070450251
10423,0.157934065
10424,0.196185008
10425,0.72564396
10426,0.03440049
10427,0.122300012
10428,0.684518831
10429,0.382360969
10430,0.832753884
10431,0.104764734
10432,0.206152721
10433,0.050899781
10434,0.206929883
10435,0.131017341
10436,0.306124521
10437,0.074973689
10438,0.236800111
10439,0.187282109
10440,0.302468844
10441,0.044571367
10442,0.073374873
10443,0.379387069
10444,0.34248888
10445,0.056887723
10446,0.25774137
10447,0.094067198
10448,0.399763756
10449,0.117208518
10450,0.105501232
10451,0.268478835
10452,0.048168264
10453,0.247653948
10454,0.391630119
10455,0.155298378
10456,0.077509046
10457,0.234831989
10458,0.12531907
10459,0.105980122
10460,0.265564702
10461,0.482471492
10462,0.063223996
10463,0.558536845
10464,0.28607509
10465,0.096641834
10466,0.160726797
10467,0.295934133
10468,0.406395298
10469,0.255138041
10470,0.421419308
10471,0.0558671
10472,0.085402963
10473,0.189707572
10474,0.222474458
10475,0.294214012
10476,0.435263272
10477,0.058936146
10478,0.293628097
10479,0.09177578
10480,0.201797752
10481,0.101034505
10482,0.205708317
10483,0.420690859
10484,0.649070266
10485,0.099656122
10486,0.03866313
10487,0.05052472
10488,0.061156546
10489,0.267429587
10490,0.21200558
10491,0.310965271
10492,0.174563428
10493,0.089456735
10494,0.173788302
10495,0.096320936
10496,0.184737871
10497,0.4245812
10498,0.096148798
10499,0.077824405
10500,0.320024827
10501,0.504008764
10502,0.056082262
10503,0.195386492
10504,0.037911016
10505,0.205653988
10506,0.258336978
10507,0.338310976
10508,0.081258741
10509,0.083611393
10510,0.177357955
10511,0.038241747
10512,0.078505673
10513,0.242736756
10514,0.077035406
10515,0.029002371
10516,0.111610219
10517,0.165656432
10518,0.366817467
10519,0.052933182
10520,0.128298109
10521,0.083989035
10522,0.05255606
10523,0.069624311
10524,0.096193493
10525,0.05818089
10526,0.243492568
10527,0.643597955
10528,0.553985158
10529,0.095044103
10530,0.18786784
10531,0.108960095
10532,0.221693894
10533,0.190761706
10534,0.319701798
10535,0.097245141
10536,0.098603304
10537,0.088274036
10538,0.326011916
10539,0.053062197
10540,0.23816
10541,0.226425455
10542,0.069021671
10543,0.497297748
10544,0.058329135
10545,0.387663224
10546,0.231599652
10547,0.289188993
10548,0.182886478
10549,0.103897761
10550,0.478114491
10551,0.127638114
10552,0.623020913
10553,0.438764658
10554,0.300990486
10555,0.025917654
10556,0.39563566
10557,0.342348433
10558,0.308370288
10559,0.118410612
10560,0.118759869
10561,0.160515504
10562,0.237422994
10563,0.195246158
10564,0.390793223
10565,0.09159103
10566,0.220274427
10567,0.439761657
10568,0.452824615
10569,0.126175577
10570,0.031621881
10571,0.556578288
10572,0.271818416
10573,0.259817714
10574,0.020775216
10575,0.136242145
10576,0.200667539
10577,0.211685703
10578,0.083989038
10579,0.085041477
10580,0.120064558
10581,0.07609682
10582,0.127461618
10583,0.354994614
10584,0.23328616
10585,0.080265397
10586,0.176951
10587,0.048298
10588,0.099230442
10589,0.194509524
10590,0.13901078
10591,0.100439707
10592,0.098683978
10593,0.400586855
10594,0.245674751
10595,0.58033635
10596,0.15952454
10597,0.155728569
10598,0.433679575
10599,0.184293022
10600,0.148046016
10601,0.039123001
10602,0.204670279
10603,0.436456177
10604,0.076364901
10605,0.062259188
10606,0.472796228
10607,0.359382437
10608,0.278020148
10609,0.025806644
10610,0.456865329
10611,0.146531087
10612,0.264570107
10613,0.232061296
10614,0.031584222
10615,0.101426343
10616,0.188653733
10617,0.183324879
10618,0.069897801
10619,0.105235658
10620,0.33879124
10621,0.235322236
10622,0.419720099
10623,0.496730235
10624,0.230735137
10625,0.230756076
10626,0.030072582
10627,0.750363501
10628,0.29020184
10629,0.04989807
10630,0.027787281
10631,0.01323045
10632,0.416799028
10633,0.34566568
10634,0.303389276
10635,0.403183764
10636,0.101637803
10637,0.066363566
10638,0.137900798
10639,0.259059554
10640,0.107195564
10641,0.454891147
10642,0.53676442
10643,0.178445538
10644,0.093672086
10645,0.076083145
10646,0.408308105
10647,0.204255968
10648,0.233799328
10649,0.046852964
10650,0.090576508
10651,0.028184316
10652,0.192108796
10653,0.065759851
10654,0.052292196
10655,0.196886293
10656,0.221404835
10657,0.045227185
10658,0.394605848
10659,0.068841746
10660,0.235161319
10661,0.16683766
10662,0.283405003
10663,0.126872882
10664,0.050739625
10665,0.290934528
10666,0.089636965
10667,0.150344511
10668,0.343919083
10669,0.119652869
10670,0.164949626
10671,0.305812552
10672,0.031402398
10673,0.120747657
10674,0.085630972
10675,0.123460161
10676,0.205366454
10677,0.141437701
10678,0.066452222
10679,0.052044062
10680,0.107630826
10681,0.055264041
10682,0.142961574
10683,0.091648293
10684,0.094379614
10685,0.088362044
10686,0.374139945
10687,0.737677026
10688,0.234203193
10689,0.176329759
10690,0.125610724
10691,0.290874443
10692,0.130963442
10693,0.452506402
10694,0.826381397
10695,0.560107469
10696,0.043835402
10697,0.019036632
10698,0.138013157
10699,0.329423387
10700,0.193229597
10701,0.029389907
10702,0.515702936
10703,0.16422082
10704,0.096025525
10705,0.138312835
10706,0.14819155
10707,0.589661607
10708,0.014932377
10709,0.211652932
10710,0.121825988
10711,0.028134708
10712,0.321555214
10713,0.038923205
10714,0.447760924
10715,0.301532718
10716,0.090156364
10717,0.111836649
10718,0.036770379
10719,0.499476066
10720,0.108015951
10721,0.286341782
10722,0.740066187
10723,0.050084261
10724,0.127213522
10725,0.075062686
10726,0.156064258
10727,0.03711834
10728,0.102691682
10729,0.049283357
10730,0.040964813
10731,0.03910536
10732,0.036267326
10733,0.099113849
10734,0.040403553
10735,0.083525194
10736,0.473524496
10737,0.121958958
10738,0.115195135
10739,0.085748794
10740,0.325396862
10741,0.794503733
10742,0.317744396
10743,0.10106621
10744,0.300518447
10745,0.530915689
10746,0.37224166
10747,0.388726863
10748,0.111562065
10749,0.211779177
10750,0.019274425
10751,0.066343668
10752,0.214255483
10753,0.405049042
10754,0.083452608
10755,0.150789707
10756,0.060803507
10757,0.043510092
10758,0.085863007
10759,0.268560829
10760,0.053154966
10761,0.047567678
10762,0.194381723
10763,0.153491737
10764,0.032971176
10765,0.039526989
10766,0.104162645
10767,0.560943185
10768,0.126876115
10769,0.10424317
10770,0.419193875
10771,0.076995603
10772,0.022827279
10773,0.241210427
10774,0.088662611
10775,0.074248338
10776,0.030740832
10777,0.051774021
10778,0.10978192
10779,0.126145141
10780,0.160599669
10781,0.062231054
10782,0.233895541
10783,0.029103191
10784,0.264672584
10785,0.091319314
10786,0.176438845
10787,0.060138646
10788,0.123970143
10789,0.127098981
10790,0.041723563
10791,0.082286636
10792,0.176734885
10793,0.341960484
10794,0.212931474
10795,0.200521801
10796,0.084786704
10797,0.450046854
10798,0.027047018
10799,0.10171861
10800,0.18779604
10801,0.401199097
10802,0.020946485
10803,0.135238728
10804,0.048383251
10805,0.123897136
10806,0.15446553
10807,0.064371075
10808,0.080916392
10809,0.114310021
10810,0.172029756
10811,0.273280873
10812,0.082619272
10813,0.0718275
10814,0.096968491
10815,0.228566164
10816,0.096331525
10817,0.143353303
10818,0.386723767
10819,0.290597514
10820,0.369385178
10821,0.196251699
10822,0.230327173
10823,0.237711566
10824,0.061843676
10825,0.118181047
10826,0.346866299
10827,0.375434284
10828,0.046126258
10829,0.117237641
10830,0.093034813
10831,0.041718798
10832,0.145125499
10833,0.190732363
10834,0.160652201
10835,0.718291264
10836,0.25048018
10837,0.241563246
10838,0.185627258
10839,0.014392167
10840,0.039167123
10841,0.092354163
10842,0.057107556
10843,0.176817171
10844,0.488119597
10845,0.052420849
10846,0.254049285
10847,0.121473263
10848,0.049390698
10849,0.444883353
10850,0.13960233
10851,0.767590915
10852,0.180341988
10853,0.443694135
10854,0.292265262
10855,0.060635904
10856,0.163456236
10857,0.052884682
10858,0.136125494
10859,0.084598222
10860,0.098605146
10861,0.02980346
10862,0.109812585
10863,0.080015874
10864,0.21545556
10865,0.059458259
10866,0.183073941
10867,0.361830544
10868,0.154996285
10869,0.28930486
10870,0.065468682
10871,0.09162751
10872,0.248231398
10873,0.062457283
10874,0.480116857
10875,0.055359215
10876,0.146105146
10877,0.396561485
10878,0.151889682
10879,0.320485227
10880,0.138781996
10881,0.19352653
10882,0.057757465
10883,0.239266085
10884,0.045160253
10885,0.261608183
10886,0.133226882
10887,0.277209887
10888,0.475677482
10889,0.04391008
10890,0.248327435
10891,0.163198777
10892,0.153455902
10893,0.816389753
10894,0.398551116
10895,0.157671748
10896,0.118968394
10897,0.414260655
10898,0.40832881
10899,0.02182451
10900,0.530293698
10901,0.580413905
10902,0.178109719
10903,0.040590302
10904,0.107032756
10905,0.110578844
10906,0.130392106
10907,0.100632945
10908,0.08864431
10909,0.668712208
10910,0.253113444
10911,0.142397942
10912,0.177040877
10913,0.164291106
10914,0.05634004
10915,0.114783164
10916,0.070655565
10917,0.254645774
10918,0.137319885
10919,0.181981804
10920,0.083299989
10921,0.122464264
10922,0.299060425
10923,0.055925717
10924,0.19105287
10925,0.103805592
10926,0.103309955
10927,0.030845625
10928,0.394206009
10929,0.036429354
10930,0.292367758
10931,0.198901512
10932,0.776578433
10933,0.019048502
10934,0.251616554
10935,0.308502267
10936,0.343083267
10937,0.152149374
10938,0.343090777
10939,0.482546051
10940,0.173798309
10941,0.258876294
10942,0.059925917
10943,0.3012407
10944,0.019661802
10945,0.816309921
10946,0.090545712
10947,0.066023925
10948,0.236410959
10949,0.16329558
10950,0.117734506
10951,0.499222764
10952,0.119568224
10953,0.599628665
10954,0.150013816
10955,0.295833423
10956,0.041604439
10957,0.166997633
10958,0.877614007
10959,0.082074116
10960,0.567601604
10961,0.071650567
10962,0.202402265
10963,0.412837361
10964,0.062656786
10965,0.056551124
10966,0.363814636
10967,0.125859274
10968,0.292639827
10969,0.058615806
10970,0.059500984
10971,0.103139751
10972,0.043869967
10973,0.299471162
10974,0.080290294
10975,0.273242192
10976,0.743100128
10977,0.106645059
10978,0.064585079
10979,0.107790094
10980,0.271291484
10981,0.360119021
10982,0.117229159
10983,0.24741074
10984,0.089455368
10985,0.215140356
10986,0.245198836
10987,0.06788399
10988,0.557790871
10989,0.343812488
10990,0.025887425
10991,0.306149265
10992,0.069175411
10993,0.201764746
10994,0.028386759
10995,0.383946842
10996,0.235488172
10997,0.558436752
10998,0.814746413
10999,0.046792173
11000,0.200867189
